{
  "metadata": {
    "name": "stp_mapping",
    "author": "cBackup Team",
    "copyright": "Copyright (C) 2017 cBackup Team. All rights reserved.",
    "license": "MIT",
    "authorName": "Imants Cernovs",
    "authorEmail": "cernovs.imants@gmail.com",
    "authorUrl": "http://cbackup.me",
    "version": "1.0.0",
    "compatibility": "1.0.0",
    "description": "Plugin for drawing STP tree based on collected STP data",
    "widget": "node"
  },
  "form" : {
    "settings": {
      "fields" : [
        {
          "type": "toggle",
          "label": "Check node availability",
          "name": "check_node_availability",
          "default": "1",
          "description": "Check if node is available. SNMP get request will be made during tree generating.",
          "toggle": {
            "data-on": "Yes",
            "data-off": "No"
          },
          "options": {
            "uncheck": "0"
          }
        },
        {
          "type": "textInput",
          "label": "SNMP timeout",
          "name": "snmp_timeout",
          "default": "500000",
          "description": "The number of microseconds until the first timeout.",
          "options": {
            "class": "form-control",
            "required": true,
            "type": "number",
            "min": "1"
          }
        },
        {
          "type": "textInput",
          "label": "SNMP retries",
          "name": "snmp_retries",
          "default": "2",
          "description": "The number of retries in case timeout occurs.",
          "options": {
            "class": "form-control",
            "required": true,
            "type": "number",
            "min": "1"
          }
        }
      ]
    },
    "widget": {
      "fields" : [
        {
          "type": "toggle",
          "label": "Enable widget",
          "name": "widget_enabled",
          "default": "0",
          "description": "Enable widget in node view page.",
          "toggle": {
            "data-on": "Yes",
            "data-off": "No"
          },
          "options": {
            "uncheck": "0"
          }
        }
      ]
    }
  }
}
